<?xml version="1.0.1" encoding="UTF-8" standalone="yes"?>
<addon id="repository.supMC" name="supMC Addon Repository" version="2.3" provider-name="SupElectro">
	<extension point="xbmc.addon.repository" name="supMC Addon Repository">
		<info compressed="false">https://raw.githubusercontent.com/Commarokel1965/arabic/master/addons.xml</info>
		<checksum>https://raw.githubusercontent.com/Commarokel1965/arabic/master/addons.xml.md5</checksum>
		<datadir zip="true">https://github.com/Commarokel1965/arabic</datadir>
	</extension>
</addon>


